all	CHWVTWTGTAYAVDAAANNNG
attB1	CAASTTTGTACAAAAAARNDG
attB2	CHWMTTTGTACAAGAAAKYKG
attB3	CAASTTTGTATAATAAAGTWG
attB4	CMACTTTGTATAGAAAAGTTG
attB5	CMACTTTGTATACAAAAGTTG
attBx	CHWVTTTGTAYAVDAAADNDG
attL1	AAAWWAWKRWTTTWWTTTGACTGATAGTGACCTGTTCGTTGCAACAMATTGATRAGCAATGCTTTTTTATAATGCCAASTTTGTACAAAAAAKHDG
attL2	AAATAATGATTTTATTTTGACTGATAGTGACCTGTTCGTTGCAACAAATTGATAAGCAATGCTTTYTTATAATGCCMACTTTGTACAAGAAABNNG
attL3	AAATAATGATTTTATTTTGACTGATAGTGACCTGTTCGTTGCAACAAATTGATRAGCAATGCTTTTTTATAATGCCAACTWTGTATAATAAAGTTG
attL4	AAATAATGATTTTATTTTGACTGATAGTGACCTGTTCGTTGCAACAAATTGATAAGCAATGCTTTYTTATAATGCCAACTTTGTATAGAAAAGTKG
attL5	AAATAATGATTTTATTTTGACTGATAGTGACCTGTTCGTTGCAACAAATTGATRAGCAATGCTTTYTTATAATGCCAACTTTGTATACAAAAGTTG
attLx	AAAWWAWKRWTTTWWTTTGACTGATAGTGACCTGTTCGTTGCAACAMATTGATRAGCAATGCTTTYTTATAATGCCMASTWTGTAYAVDAAABNNG
attP1	SRAATAATGATTTTATTTTGACTGATAGTGACCTGTTCGTTGCAACAVATTGATRAGCAATGCTTTYTTATAWTGHCAASTTTGTACAAAAAAGYTGAACGAGAAACGTAAAATGATATAAATATCAATATATTAAATTAGATTTTGCATAAAAAACAGACTACATAATACTGTAARACACAACATATSCAGTCV
attP2	BMAATAATGATTTTATTTTGACTGATAGTGACCTGTWCGTYGMAACAAATTGATRAGCAATKMTTTYYTATAATGMCMACTTTGTACAAGAAAGYTGARCGAGAAACGTAARRTGATATAAATATCAATATATTAAATTAGATTTTGCATAAAAAACAGACTACATAATRCTGTAARACACAACATATBCAGTCACTATK
attP3	AAATAATGATTTTATTTYGACTGATAGTGACCTGTTCGTTGCAACAAATTGATRAGCAATGCTTTYYTATAATGCCAACTWTGTATAATAAAGTTGAACGAGAAACGTAAAATGATATAAATATCAATATATTAAATTAGATTTTGCATAAAAAACAGACTACATAATACTGTAAAACACAACATATSCAGTCACTATG
attP4	AAATAATGATTTTATTTTGACTGATAGTGACCTGTTCGTTGCAACAAATTGATAAGCAATGCTTTYTTATAATGCCAACTTTGTATAGAAAAGTTGAACGAGAAACGTAAAATGATATAAATATCAATATATTAAATTAGATTTTGCATAAAAAACAGACTACATAATACTGTAAAACACAACATATSCAGTCACTATG
attP5	MAATAATGATTTTATTTTGACTGATAGTGACCTGTTCGTTGCAACAAATTGATRAGCAATGCTTTYTTATAATGYCAASTTTGTATACAAAAGTTGAACGAGAAACGTAAAATGATATAAATATCAATATATTAAATTAGATTTTGCATAAAAAACAGACTACATAATACTGTAAAACACAACATATSCAGTCACTATG
attPx	VAATAATGATTTTATTTYGACTGATAGTGACCTGTWCGTYGMAACAVATTGATRAGCAATKMTTTYYTATAWTGHCMASTWTGTAYAVDAAAGYTGARCGAGAAACGTAARRTGATATAAATATCAATATATTAAATTAGATTTTGCATAAAAAACAGACTACATAATRCTGTAARACACAACATATBCAGTCV
attR1	CAASTTTGTACAAAAAAGYWGAACGAGAARCGTAAARTGATATAAATATCAATATATTAAATTAGATTTTGCATAAAAAACAGACTACATAATACTGTAAAACACAACATATSCAGTCACTATGAAYCAACTACTTAGATGGTATTAGTGACCTGTA
attR2	CHWVTTTGTACAAGAAAGYTGAACGAGAAACGTAAAATGATATAAATATCAATATATTAAATTAGAYTTTGCATAAAAAACAGACTACATAATACTGTAAAACACAACATATSCAGTCACTATGAAYCAACTACTTAGATGGTATTAGTGACCTGTA
attR3	CAACTTTGTATAATAAAGTTGAACGAGAAACGTAAAATGATATAAATATCAATATATTAAATTAGATTTTGCATAAAAAACAGACTACATAATACTGTAAAACACAACATATSCAGTCACTATGAATCAACTACTTAGATGGTATTAGTGACCTGTA
attR4	CMACTTTGTATAGAAAAGTTGAACGAGAAACGTAAAATGATATAAATATCAATATATTAAATTAGATTTTGCATAAAAAACAGACTACATAATACTGTAAAACACAACATATSCAGTCACTATGAATCAACTACTTAGATGGTATTAGTGACCTGTA
attR5	CMACTTTGTATACAAAAGTTGAACGAGAAACGTAAAATGATATAAATATCAATATATTAAATTAGATTTTGCATAAAAAACAGACTACATAATACTGTAAAACACAACATATCCAGTCACTATGAATCAACTACTTAGATGGTATTAGTGACCTGTA
attRx	CHWVTTTGTAYAVDAAAGYWGAACGAGAARCGTAAARTGATATAAATATCAATATATTAAATTAGAYTTTGCATAAAAAACAGACTACATAATACTGTAAAACACAACATATSCAGTCACTATGAAYCAACTACTTAGATGGTATTAGTGACCTGTA
attX1	CAASTTTGTACAAAAAADNDG
attX2	CHWVTTTGTACAAGAAABNNG
attX3	CAASTWTGTATAATAAAGTWG
attX4	CMACTTTGTATAGAAAAGTKG
attX5	CMASTTTGTATACAAAAGTTG
merged_attB1	CHWVTTWTGTACAAAAAANDG
merged_attB2	CHWVTTWTGTACAAGAAANDG
merged_attB3	CHWVTTWTGTATAATAAANDG
merged_attB4	CHWVTTWTGTATAGAAAANDG
merged_attB5	CHWVTTWTGTATACAAAANDG
merged_attL1	AAAWWAWKRWTTTWWTTTGACTGATAGTGACCTGTTCGTTGCAACAMATTGATRAGCAATGCTTTYTTATAATGCCMASTWTGTACAAAAAABNNG
merged_attL2	AAAWWAWKRWTTTWWTTTGACTGATAGTGACCTGTTCGTTGCAACAMATTGATRAGCAATGCTTTYTTATAATGCCMASTWTGTACAAGAAABNNG
merged_attL3	AAAWWAWKRWTTTWWTTTGACTGATAGTGACCTGTTCGTTGCAACAMATTGATRAGCAATGCTTTYTTATAATGCCMASTWTGTATAATAAABNNG
merged_attL4	AAAWWAWKRWTTTWWTTTGACTGATAGTGACCTGTTCGTTGCAACAMATTGATRAGCAATGCTTTYTTATAATGCCMASTWTGTATAGAAAABNNG
merged_attL5	AAAWWAWKRWTTTWWTTTGACTGATAGTGACCTGTTCGTTGCAACAMATTGATRAGCAATGCTTTYTTATAATGCCMASTWTGTATACAAAABNNG
merged_attP1	VAATAATGATTTTATTTYGACTGATAGTGACCTGTWCGTYGMAACAVATTGATRAGCAATKMTTTYYTATAWTGHCMASTTWTGTACAAAAAAYTGARCGAGAAACGTAARRTGATATAAATATCAATATATTAAATTAGATTTTGCATAAAAAACAGACTACATAATRCTGTAARACACAACATATBCAGTCV
merged_attP2	VAATAATGATTTTATTTYGACTGATAGTGACCTGTWCGTYGMAACAVATTGATRAGCAATKMTTTYYTATAWTGHCMASTTWTGTACAAGAAAYTGARCGAGAAACGTAARRTGATATAAATATCAATATATTAAATTAGATTTTGCATAAAAAACAGACTACATAATRCTGTAARACACAACATATBCAGTCV
merged_attP3	VAATAATGATTTTATTTYGACTGATAGTGACCTGTWCGTYGMAACAVATTGATRAGCAATKMTTTYYTATAWTGHCMASTTWTGTATAATAAAYTGARCGAGAAACGTAARRTGATATAAATATCAATATATTAAATTAGATTTTGCATAAAAAACAGACTACATAATRCTGTAARACACAACATATBCAGTCV
merged_attP4	VAATAATGATTTTATTTYGACTGATAGTGACCTGTWCGTYGMAACAVATTGATRAGCAATKMTTTYYTATAWTGHCMASTTWTGTATAGAAAAYTGARCGAGAAACGTAARRTGATATAAATATCAATATATTAAATTAGATTTTGCATAAAAAACAGACTACATAATRCTGTAARACACAACATATBCAGTCV
merged_attP5	VAATAATGATTTTATTTYGACTGATAGTGACCTGTWCGTYGMAACAVATTGATRAGCAATKMTTTYYTATAWTGHCMASTTWTGTATACAAAAYTGARCGAGAAACGTAARRTGATATAAATATCAATATATTAAATTAGATTTTGCATAAAAAACAGACTACATAATRCTGTAARACACAACATATBCAGTCV
merged_attR1	CHWVTTWTGTACAAAAAAYWGAACGAGAARCGTAAARTGATATAAATATCAATATATTAAATTAGAYTTTGCATAAAAAACAGACTACATAATACTGTAAAACACAACATATSCAGTCACTATGAAYCAACTACTTAGATGGTATTAGTGACCTGTA
merged_attR2	CHWVTTWTGTACAAGAAAYWGAACGAGAARCGTAAARTGATATAAATATCAATATATTAAATTAGAYTTTGCATAAAAAACAGACTACATAATACTGTAAAACACAACATATSCAGTCACTATGAAYCAACTACTTAGATGGTATTAGTGACCTGTA
merged_attR3	CHWVTTWTGTATAATAAAYWGAACGAGAARCGTAAARTGATATAAATATCAATATATTAAATTAGAYTTTGCATAAAAAACAGACTACATAATACTGTAAAACACAACATATSCAGTCACTATGAAYCAACTACTTAGATGGTATTAGTGACCTGTA
merged_attR4	CHWVTTWTGTATAGAAAAYWGAACGAGAARCGTAAARTGATATAAATATCAATATATTAAATTAGAYTTTGCATAAAAAACAGACTACATAATACTGTAAAACACAACATATSCAGTCACTATGAAYCAACTACTTAGATGGTATTAGTGACCTGTA
merged_attR5	CHWVTTWTGTATACAAAAYWGAACGAGAARCGTAAARTGATATAAATATCAATATATTAAATTAGAYTTTGCATAAAAAACAGACTACATAATACTGTAAAACACAACATATSCAGTCACTATGAAYCAACTACTTAGATGGTATTAGTGACCTGTA
